<?xml version="1.0" encoding="UTF-8" standalone="yes"?>
<manifest>
  <control namespace="SampleNamespace" constructor="TSLinearInputComponent" version="0.0.1" display-name-key="TSLinearInputComponent" description-key="Allows you to enter the numeric value using the slider" control-type="standard" api-version="1.3.3">
    <external-service-usage enabled="false"/>
    <property name="sliderValue" display-name-key="sliderValue_Display_Key" description-key="sliderValue_Desc_key" of-type-group="numbers" usage="bound" required="true"/>
    <type-group name="numbers">
      <type>Whole.None</type>
      <type>Currency</type>
      <type>FP</type>
      <type>Decimal</type>
    </type-group>
    <resources>
      <code path="bundle.js" order="1"/>
      <css path="css/TSLinearInputComponent.css" order="1"/>
    </resources>
    <built-by name="pac" version="1.10.4"/>
  </control>
</manifest>